Owner,Team,Player_Name,Player_Position,weeks_started,weeks_rostered,eligible,reason,source
Isaac,Zimbo Baggins,Matthew Stafford,QB,12,13,yes,"started 12 wks, rostered 13 wks",yahoo weekly rosters
Isaac,Zimbo Baggins,Khalil Shakir,WR,14,17,yes,"started 14 wks, rostered 17 wks",yahoo weekly rosters
Isaac,Zimbo Baggins,Ladd McConkey,WR,16,17,yes,"started 16 wks, rostered 17 wks",yahoo weekly rosters
Isaac,Zimbo Baggins,Travis Etienne Jr.,RB,13,17,yes,"started 13 wks, rostered 17 wks",yahoo weekly rosters
Isaac,Zimbo Baggins,Ashton Jeanty,RB,16,17,yes,"started 16 wks, rostered 17 wks",yahoo weekly rosters
Isaac,Zimbo Baggins,Brock Bowers,TE,13,17,yes,"started 13 wks, rostered 17 wks",yahoo weekly rosters
Isaac,Zimbo Baggins,Chris Godwin Jr.,WR,5,15,yes,"started 5 wks, rostered 15 wks",yahoo weekly rosters
Isaac,Zimbo Baggins,Tyler Allgeier,RB,3,16,yes,rostered 16 wks,yahoo weekly rosters
Isaac,Zimbo Baggins,Rashee Rice,WR,8,17,yes,"started 8 wks, rostered 17 wks",yahoo weekly rosters
Isaac,Zimbo Baggins,Sean Tucker,RB,2,6,NO,"failed both: started 2, rostered 6",yahoo weekly rosters
Isaac,Zimbo Baggins,Dallas Goedert,TE,5,14,yes,"started 5 wks, rostered 14 wks",yahoo weekly rosters
Isaac,Zimbo Baggins,Kyle Monangai,RB,2,10,yes,rostered 10 wks,yahoo weekly rosters
Isaac,Zimbo Baggins,Isiah Pacheco,RB,3,17,yes,rostered 17 wks,yahoo weekly rosters
Isaac,Zimbo Baggins,Jake Elliott,K,6,6,yes,started 6 wks,yahoo weekly rosters
Isaac,Zimbo Baggins,Browns,DEF,7,7,yes,started 7 wks,yahoo weekly rosters
Isaac,Zimbo Baggins,Eagles,DEF,0,7,NO,"failed both: started 0, rostered 7",yahoo weekly rosters
Chris,Wild Card Chris,Dak Prescott,QB,15,17,yes,"started 15 wks, rostered 17 wks",yahoo weekly rosters
Chris,Wild Card Chris,CeeDee Lamb,WR,13,17,yes,"started 13 wks, rostered 17 wks",yahoo weekly rosters
Chris,Wild Card Chris,Jameson Williams,WR,12,17,yes,"started 12 wks, rostered 17 wks",yahoo weekly rosters
Chris,Wild Card Chris,D'Andre Swift,RB,12,17,yes,"started 12 wks, rostered 17 wks",yahoo weekly rosters
Chris,Wild Card Chris,Rhamondre Stevenson,RB,5,11,yes,"started 5 wks, rostered 11 wks",yahoo weekly rosters
Chris,Wild Card Chris,Kyle Pitts Sr.,TE,6,15,yes,"started 6 wks, rostered 15 wks",yahoo weekly rosters
Chris,Wild Card Chris,Tee Higgins,WR,11,17,yes,"started 11 wks, rostered 17 wks",yahoo weekly rosters
Chris,Wild Card Chris,Kenny Gainwell,RB,4,12,yes,"started 4 wks, rostered 12 wks",yahoo weekly rosters
Chris,Wild Card Chris,Jaylen Waddle,WR,10,17,yes,"started 10 wks, rostered 17 wks",yahoo weekly rosters
Chris,Wild Card Chris,George Kittle,TE,10,17,yes,"started 10 wks, rostered 17 wks",yahoo weekly rosters
Chris,Wild Card Chris,Rico Dowdle,RB,8,13,yes,"started 8 wks, rostered 13 wks",yahoo weekly rosters
Chris,Wild Card Chris,Jayden Reed,WR,0,11,yes,rostered 11 wks,yahoo weekly rosters
Chris,Wild Card Chris,Jaylen Warren,RB,10,17,yes,"started 10 wks, rostered 17 wks",yahoo weekly rosters
Chris,Wild Card Chris,Audric Estime,RB,0,2,NO,"failed both: started 0, rostered 2",yahoo weekly rosters
Chris,Wild Card Chris,Harrison Mevis,K,4,4,yes,started 4 wks,yahoo weekly rosters
Chris,Wild Card Chris,Lions,DEF,3,3,NO,"failed both: started 3, rostered 3",yahoo weekly rosters
Chris,Wild Card Chris,Malik Nabers,WR,4,17,yes,"started 4 wks, rostered 17 wks",yahoo weekly rosters
Sonny,Lamar Jar Binks,Shedeur Sanders,QB,1,3,NO,"failed both: started 1, rostered 3",yahoo weekly rosters
Sonny,Lamar Jar Binks,Justin Jefferson,WR,16,17,yes,"started 16 wks, rostered 17 wks",yahoo weekly rosters
Sonny,Lamar Jar Binks,Chris Olave,WR,11,17,yes,"started 11 wks, rostered 17 wks",yahoo weekly rosters
Sonny,Lamar Jar Binks,Chase Brown,RB,16,17,yes,"started 16 wks, rostered 17 wks",yahoo weekly rosters
Sonny,Lamar Jar Binks,Kenneth Walker III,RB,13,17,yes,"started 13 wks, rostered 17 wks",yahoo weekly rosters
Sonny,Lamar Jar Binks,Juwan Johnson,TE,7,7,yes,started 7 wks,yahoo weekly rosters
Sonny,Lamar Jar Binks,Tetairoa McMillan,WR,16,17,yes,"started 16 wks, rostered 17 wks",yahoo weekly rosters
Sonny,Lamar Jar Binks,Tyrone Tracy Jr.,RB,5,15,yes,"started 5 wks, rostered 15 wks",yahoo weekly rosters
Sonny,Lamar Jar Binks,Lamar Jackson,QB,11,17,yes,"started 11 wks, rostered 17 wks",yahoo weekly rosters
Sonny,Lamar Jar Binks,Christian Watson,WR,2,9,yes,rostered 9 wks,yahoo weekly rosters
Sonny,Lamar Jar Binks,Mason Taylor,TE,4,9,yes,"started 4 wks, rostered 9 wks",yahoo weekly rosters
Sonny,Lamar Jar Binks,Michael Pittman Jr.,WR,8,17,yes,"started 8 wks, rostered 17 wks",yahoo weekly rosters
Sonny,Lamar Jar Binks,Emanuel Wilson,RB,0,6,NO,"failed both: started 0, rostered 6",yahoo weekly rosters
Sonny,Lamar Jar Binks,Tre Tucker,WR,2,14,yes,rostered 14 wks,yahoo weekly rosters
Sonny,Lamar Jar Binks,Jason Myers,K,8,8,yes,started 8 wks,yahoo weekly rosters
Sonny,Lamar Jar Binks,Seahawks,DEF,11,12,yes,"started 11 wks, rostered 12 wks",yahoo weekly rosters
Sonny,Lamar Jar Binks,Sam LaPorta,TE,9,17,yes,"started 9 wks, rostered 17 wks",yahoo weekly rosters
Marcus,Shedeur for ROTY,Drake Maye,QB,13,15,yes,"started 13 wks, rostered 15 wks",yahoo weekly rosters
Marcus,Shedeur for ROTY,Jaxon Smith-Njigba,WR,16,17,yes,"started 16 wks, rostered 17 wks",yahoo weekly rosters
Marcus,Shedeur for ROTY,George Pickens,WR,14,17,yes,"started 14 wks, rostered 17 wks",yahoo weekly rosters
Marcus,Shedeur for ROTY,Christian McCaffrey,RB,16,17,yes,"started 16 wks, rostered 17 wks",yahoo weekly rosters
Marcus,Shedeur for ROTY,Breece Hall,RB,16,17,yes,"started 16 wks, rostered 17 wks",yahoo weekly rosters
Marcus,Shedeur for ROTY,AJ Barner,TE,1,1,NO,"failed both: started 1, rostered 1",yahoo weekly rosters
Marcus,Shedeur for ROTY,Saquon Barkley,RB,16,17,yes,"started 16 wks, rostered 17 wks",yahoo weekly rosters
Marcus,Shedeur for ROTY,Kyren Williams,RB,16,17,yes,"started 16 wks, rostered 17 wks",yahoo weekly rosters
Marcus,Shedeur for ROTY,Mark Andrews,TE,3,17,yes,rostered 17 wks,yahoo weekly rosters
Marcus,Shedeur for ROTY,Stefon Diggs,WR,6,17,yes,"started 6 wks, rostered 17 wks",yahoo weekly rosters
Marcus,Shedeur for ROTY,Travis Kelce,TE,14,17,yes,"started 14 wks, rostered 17 wks",yahoo weekly rosters
Marcus,Shedeur for ROTY,Xavier Worthy,WR,2,17,yes,rostered 17 wks,yahoo weekly rosters
Marcus,Shedeur for ROTY,Brock Purdy,QB,0,10,yes,rostered 10 wks,yahoo weekly rosters
Marcus,Shedeur for ROTY,Trevor Lawrence,QB,1,6,NO,"failed both: started 1, rostered 6",yahoo weekly rosters
Marcus,Shedeur for ROTY,Jake Bates,K,16,16,yes,"started 16 wks, rostered 16 wks",yahoo weekly rosters
Marcus,Shedeur for ROTY,Broncos,DEF,0,0,NO,"failed both: started 0, rostered 0","never on an in-season roster (drafted, dropped pre-Wk1)"
Rimler,Prestige Worldwide,Caleb Williams,QB,3,16,yes,rostered 16 wks,yahoo weekly rosters
Rimler,Prestige Worldwide,DeVonta Smith,WR,14,17,yes,"started 14 wks, rostered 17 wks",yahoo weekly rosters
Rimler,Prestige Worldwide,Drake London,WR,11,17,yes,"started 11 wks, rostered 17 wks",yahoo weekly rosters
Rimler,Prestige Worldwide,Bijan Robinson,RB,16,17,yes,"started 16 wks, rostered 17 wks",yahoo weekly rosters
Rimler,Prestige Worldwide,Omarion Hampton,RB,8,17,yes,"started 8 wks, rostered 17 wks",yahoo weekly rosters
Rimler,Prestige Worldwide,Darren Waller,TE,6,7,yes,started 6 wks,yahoo weekly rosters
Rimler,Prestige Worldwide,Javonte Williams,RB,13,17,yes,"started 13 wks, rostered 17 wks",yahoo weekly rosters
Rimler,Prestige Worldwide,Marvin Harrison Jr.,WR,10,17,yes,"started 10 wks, rostered 17 wks",yahoo weekly rosters
Rimler,Prestige Worldwide,TreVeyon Henderson,RB,10,17,yes,"started 10 wks, rostered 17 wks",yahoo weekly rosters
Rimler,Prestige Worldwide,DK Metcalf,WR,14,17,yes,"started 14 wks, rostered 17 wks",yahoo weekly rosters
Rimler,Prestige Worldwide,Aaron Rodgers,QB,1,3,NO,"failed both: started 1, rostered 3",yahoo weekly rosters
Rimler,Prestige Worldwide,Troy Franklin,WR,6,14,yes,"started 6 wks, rostered 14 wks",yahoo weekly rosters
Rimler,Prestige Worldwide,Oronde Gadsden,TE,3,10,yes,rostered 10 wks,yahoo weekly rosters
Rimler,Prestige Worldwide,Chase McLaughlin,K,12,12,yes,"started 12 wks, rostered 12 wks",yahoo weekly rosters
Rimler,Prestige Worldwide,Chiefs,DEF,3,3,NO,"failed both: started 3, rostered 3",yahoo weekly rosters
Rimler,Prestige Worldwide,Rams,DEF,1,1,NO,"failed both: started 1, rostered 1",yahoo weekly rosters
Rimler,Prestige Worldwide,Patrick Mahomes,QB,12,17,yes,"started 12 wks, rostered 17 wks",yahoo weekly rosters
Ricky,Stuffed Crust and Olives Must,John Metchie III,WR,3,5,NO,"failed both: started 3, rostered 5",yahoo weekly rosters
Ricky,Stuffed Crust and Olives Must,Jordan Addison,WR,10,17,yes,"started 10 wks, rostered 17 wks",yahoo weekly rosters
Ricky,Stuffed Crust and Olives Must,Zach Ertz,TE,11,17,yes,"started 11 wks, rostered 17 wks",yahoo weekly rosters
Ricky,Stuffed Crust and Olives Must,Bucky Irving,RB,7,17,yes,"started 7 wks, rostered 17 wks",yahoo weekly rosters
Ricky,Stuffed Crust and Olives Must,Aaron Jones Sr.,RB,8,17,yes,"started 8 wks, rostered 17 wks",yahoo weekly rosters
Ricky,Stuffed Crust and Olives Must,Jauan Jennings,WR,6,17,yes,"started 6 wks, rostered 17 wks",yahoo weekly rosters
Ricky,Stuffed Crust and Olives Must,Jakobi Meyers,WR,9,17,yes,"started 9 wks, rostered 17 wks",yahoo weekly rosters
Ricky,Stuffed Crust and Olives Must,A.J. Brown,WR,13,17,yes,"started 13 wks, rostered 17 wks",yahoo weekly rosters
Ricky,Stuffed Crust and Olives Must,Josh Allen,QB,14,17,yes,"started 14 wks, rostered 17 wks",yahoo weekly rosters
Ricky,Stuffed Crust and Olives Must,Chuba Hubbard,RB,11,17,yes,"started 11 wks, rostered 17 wks",yahoo weekly rosters
Ricky,Stuffed Crust and Olives Must,Alvin Kamara,RB,10,17,yes,"started 10 wks, rostered 17 wks",yahoo weekly rosters
Ricky,Stuffed Crust and Olives Must,Jared Goff,QB,1,17,yes,rostered 17 wks,yahoo weekly rosters
Ricky,Stuffed Crust and Olives Must,Jaxson Dart,QB,0,8,NO,"failed both: started 0, rostered 8",yahoo weekly rosters
Ricky,Stuffed Crust and Olives Must,Joe Burrow,QB,2,9,yes,rostered 9 wks,yahoo weekly rosters
Ricky,Stuffed Crust and Olives Must,Wil Lutz,K,15,17,yes,"started 15 wks, rostered 17 wks",yahoo weekly rosters
Ricky,Stuffed Crust and Olives Must,Buccaneers,DEF,0,0,NO,"failed both: started 0, rostered 0","never on an in-season roster (drafted, dropped pre-Wk1)"
Ricky,Stuffed Crust and Olives Must,Joe Mixon,RB,0,17,yes,rostered 17 wks,yahoo weekly rosters
Pechman,Skattman John,Jalen Hurts,QB,15,17,yes,"started 15 wks, rostered 17 wks",yahoo weekly rosters
Pechman,Skattman John,Davante Adams,WR,16,17,yes,"started 16 wks, rostered 17 wks",yahoo weekly rosters
Pechman,Skattman John,Nico Collins,WR,13,17,yes,"started 13 wks, rostered 17 wks",yahoo weekly rosters
Pechman,Skattman John,Derrick Henry,RB,16,17,yes,"started 16 wks, rostered 17 wks",yahoo weekly rosters
Pechman,Skattman John,James Cook III,RB,16,17,yes,"started 16 wks, rostered 17 wks",yahoo weekly rosters
Pechman,Skattman John,Hunter Henry,TE,12,17,yes,"started 12 wks, rostered 17 wks",yahoo weekly rosters
Pechman,Skattman John,Woody Marks,RB,7,14,yes,"started 7 wks, rostered 14 wks",yahoo weekly rosters
Pechman,Skattman John,Zay Flowers,WR,13,17,yes,"started 13 wks, rostered 17 wks",yahoo weekly rosters
Pechman,Skattman John,Dalton Schultz,TE,1,4,NO,"failed both: started 1, rostered 4",yahoo weekly rosters
Pechman,Skattman John,Kimani Vidal,RB,4,10,yes,"started 4 wks, rostered 10 wks",yahoo weekly rosters
Pechman,Skattman John,Rome Odunze,WR,9,17,yes,"started 9 wks, rostered 17 wks",yahoo weekly rosters
Pechman,Skattman John,Cam Skattebo,RB,4,17,yes,"started 4 wks, rostered 17 wks",yahoo weekly rosters
Pechman,Skattman John,Ka'imi Fairbairn,K,10,11,yes,"started 10 wks, rostered 11 wks",yahoo weekly rosters
Pechman,Skattman John,Steelers,DEF,0,0,NO,"failed both: started 0, rostered 0","never on an in-season roster (drafted, dropped pre-Wk1)"
Pechman,Skattman John,Giants,DEF,0,0,NO,"failed both: started 0, rostered 0","never on an in-season roster (drafted, dropped pre-Wk1)"
Jake,Marvin Gaye & Charbonnet,Bo Nix,QB,11,17,yes,"started 11 wks, rostered 17 wks",yahoo weekly rosters
Jake,Marvin Gaye & Charbonnet,Courtland Sutton,WR,15,17,yes,"started 15 wks, rostered 17 wks",yahoo weekly rosters
Jake,Marvin Gaye & Charbonnet,Michael Wilson,WR,4,6,yes,started 4 wks,yahoo weekly rosters
Jake,Marvin Gaye & Charbonnet,Josh Jacobs,RB,15,17,yes,"started 15 wks, rostered 17 wks",yahoo weekly rosters
Jake,Marvin Gaye & Charbonnet,Michael Carter,RB,3,4,NO,"failed both: started 3, rostered 4",yahoo weekly rosters
Jake,Marvin Gaye & Charbonnet,Trey McBride,TE,16,17,yes,"started 16 wks, rostered 17 wks",yahoo weekly rosters
Jake,Marvin Gaye & Charbonnet,Amon-Ra St. Brown,WR,14,17,yes,"started 14 wks, rostered 17 wks",yahoo weekly rosters
Jake,Marvin Gaye & Charbonnet,Terry McLaurin,WR,9,15,yes,"started 9 wks, rostered 15 wks",yahoo weekly rosters
Jake,Marvin Gaye & Charbonnet,Emeka Egbuka,WR,13,17,yes,"started 13 wks, rostered 17 wks",yahoo weekly rosters
Jake,Marvin Gaye & Charbonnet,Brenton Strange,TE,3,8,NO,"failed both: started 3, rostered 8",yahoo weekly rosters
Jake,Marvin Gaye & Charbonnet,RJ Harvey,RB,7,17,yes,"started 7 wks, rostered 17 wks",yahoo weekly rosters
Jake,Marvin Gaye & Charbonnet,Zach Charbonnet,RB,4,17,yes,"started 4 wks, rostered 17 wks",yahoo weekly rosters
Jake,Marvin Gaye & Charbonnet,Baker Mayfield,QB,7,17,yes,"started 7 wks, rostered 17 wks",yahoo weekly rosters
Jake,Marvin Gaye & Charbonnet,Brandon Aubrey,K,16,16,yes,"started 16 wks, rostered 16 wks",yahoo weekly rosters
Jake,Marvin Gaye & Charbonnet,Colts,DEF,1,1,NO,"failed both: started 1, rostered 1",yahoo weekly rosters
Jake,Marvin Gaye & Charbonnet,Patriots,DEF,0,0,NO,"failed both: started 0, rostered 0","never on an in-season roster (drafted, dropped pre-Wk1)"
Nick,The Tone Zone,Justin Herbert,QB,14,17,yes,"started 14 wks, rostered 17 wks",yahoo weekly rosters
Nick,The Tone Zone,Ja'Marr Chase,WR,15,17,yes,"started 15 wks, rostered 17 wks",yahoo weekly rosters
Nick,The Tone Zone,Mike Evans,WR,6,17,yes,"started 6 wks, rostered 17 wks",yahoo weekly rosters
Nick,The Tone Zone,Jonathan Taylor,RB,16,17,yes,"started 16 wks, rostered 17 wks",yahoo weekly rosters
Nick,The Tone Zone,De'Von Achane,RB,16,17,yes,"started 16 wks, rostered 17 wks",yahoo weekly rosters
Nick,The Tone Zone,Tyler Warren,TE,16,17,yes,"started 16 wks, rostered 17 wks",yahoo weekly rosters
Nick,The Tone Zone,Wan'Dale Robinson,WR,9,12,yes,"started 9 wks, rostered 12 wks",yahoo weekly rosters
Nick,The Tone Zone,Tony Pollard,RB,13,17,yes,"started 13 wks, rostered 17 wks",yahoo weekly rosters
Nick,The Tone Zone,Jacoby Brissett,QB,3,6,NO,"failed both: started 3, rostered 6",yahoo weekly rosters
Nick,The Tone Zone,Deebo Samuel,WR,9,17,yes,"started 9 wks, rostered 17 wks",yahoo weekly rosters
Nick,The Tone Zone,DJ Moore,WR,6,17,yes,"started 6 wks, rostered 17 wks",yahoo weekly rosters
Nick,The Tone Zone,Jake Ferguson,TE,6,17,yes,"started 6 wks, rostered 17 wks",yahoo weekly rosters
Nick,The Tone Zone,Keenan Allen,WR,8,17,yes,"started 8 wks, rostered 17 wks",yahoo weekly rosters
Nick,The Tone Zone,Cooper Kupp,WR,0,17,yes,rostered 17 wks,yahoo weekly rosters
Nick,The Tone Zone,Cam Little,K,11,11,yes,"started 11 wks, rostered 11 wks",yahoo weekly rosters
Nick,The Tone Zone,Jaguars,DEF,0,0,NO,"failed both: started 0, rostered 0","never on an in-season roster (drafted, dropped pre-Wk1)"
Luke,Portland Pizza Pies,Jordan Love,QB,12,15,yes,"started 12 wks, rostered 15 wks",yahoo weekly rosters
Luke,Portland Pizza Pies,Puka Nacua,WR,16,17,yes,"started 16 wks, rostered 17 wks",yahoo weekly rosters
Luke,Portland Pizza Pies,Brian Thomas Jr.,WR,12,17,yes,"started 12 wks, rostered 17 wks",yahoo weekly rosters
Luke,Portland Pizza Pies,Jahmyr Gibbs,RB,16,17,yes,"started 16 wks, rostered 17 wks",yahoo weekly rosters
Luke,Portland Pizza Pies,Quinshon Judkins,RB,13,17,yes,"started 13 wks, rostered 17 wks",yahoo weekly rosters
Luke,Portland Pizza Pies,Harold Fannin Jr.,TE,12,16,yes,"started 12 wks, rostered 16 wks",yahoo weekly rosters
Luke,Portland Pizza Pies,David Montgomery,RB,14,17,yes,"started 14 wks, rostered 17 wks",yahoo weekly rosters
Luke,Portland Pizza Pies,Jayden Higgins,WR,4,13,yes,"started 4 wks, rostered 13 wks",yahoo weekly rosters
Luke,Portland Pizza Pies,Ricky Pearsall,WR,6,17,yes,"started 6 wks, rostered 17 wks",yahoo weekly rosters
Luke,Portland Pizza Pies,Kayshon Boutte,WR,1,11,yes,rostered 11 wks,yahoo weekly rosters
Luke,Portland Pizza Pies,Dalton Kincaid,TE,5,17,yes,"started 5 wks, rostered 17 wks",yahoo weekly rosters
Luke,Portland Pizza Pies,Keon Coleman,WR,4,17,yes,"started 4 wks, rostered 17 wks",yahoo weekly rosters
Luke,Portland Pizza Pies,Trey Benson,RB,1,17,yes,rostered 17 wks,yahoo weekly rosters
Luke,Portland Pizza Pies,Jayden Daniels,QB,5,17,yes,"started 5 wks, rostered 17 wks",yahoo weekly rosters
Luke,Portland Pizza Pies,Chris Boswell,K,16,16,yes,"started 16 wks, rostered 16 wks",yahoo weekly rosters
Luke,Portland Pizza Pies,Texans,DEF,0,0,NO,"failed both: started 0, rostered 0","never on an in-season roster (drafted, dropped pre-Wk1)"
Luke,Portland Pizza Pies,Garrett Wilson,WR,7,17,yes,"started 7 wks, rostered 17 wks",yahoo weekly rosters
